"id","stand","x","y","p95"
1,1,0,0,150.289369640064
2,1,0,1,172.498564774697
3,1,0,2,180.198021765048
4,1,0,3,160.312515388426
5,1,0,4,148.456513474977
6,1,0,5,183.101100221645
7,1,0,6,159.985237981718
8,1,0,7,138.608210634678
9,1,0,8,182.822519341271
10,1,0,9,155.025289686058
11,1,0,10,144.466502893701
12,1,0,11,160.208102897896
13,1,0,12,170.46607477688
14,1,0,13,148.138461214064
15,1,0,14,174.417206253091
16,1,0,15,180.695564654994
17,1,0,16,192.623401599205
18,1,0,17,163.33620458642
19,1,0,18,124.063865529424
20,1,0,19,160.269348880751
21,3,0,20,212.392597522942
22,3,0,21,215.520054892822
23,3,0,22,180.280504618955
24,3,0,23,172.63177548437
25,3,0,24,223.126685462579
26,3,0,25,207.800652405626
27,3,0,26,184.40734642624
28,3,0,27,231.048148635518
29,3,0,28,199.438021460462
30,3,0,29,223.343722213448
31,3,0,30,170.783536447107
32,3,0,31,234.346461443097
33,3,0,32,230.386479803633
34,3,0,33,218.275354588942
35,3,0,34,189.882333978349
36,3,0,35,241.517086697961
37,3,0,36,238.397967876677
38,3,0,37,232.535707128822
39,3,0,38,176.95288542559
40,3,0,39,222.167134120796
41,1,1,0,147.087354386728
42,1,1,1,191.890545929743
43,1,1,2,146.839394760164
44,1,1,3,148.508702296039
45,1,1,4,160.421479850207
46,1,1,5,162.192744427181
47,1,1,6,155.405082566163
48,1,1,7,177.195175630421
49,1,1,8,159.030229641473
50,1,1,9,158.294774529641
51,1,1,10,162.292305641287
52,1,1,11,161.261628798985
53,1,1,12,156.731604946338
54,1,1,13,175.396508086694
55,1,1,14,151.73304678671
56,1,1,15,179.466945980424
57,1,1,16,159.0919673616
58,1,1,17,151.253640817668
59,1,1,18,142.513797513146
60,1,1,19,184.465930525359
61,3,1,20,192.19116032546
62,3,1,21,182.057675226599
63,3,1,22,196.469104627949
64,3,1,23,214.549153974144
65,3,1,24,242.702503898907
66,3,1,25,209.980165733722
67,3,1,26,228.719319219957
68,3,1,27,207.086165435357
69,3,1,28,224.199612012014
70,3,1,29,179.986925450413
71,3,1,30,193.647516178044
72,3,1,31,190.409388494578
73,3,1,32,246.903973248359
74,3,1,33,223.953976196167
75,3,1,34,216.211447729896
76,3,1,35,228.820049806856
77,3,1,36,251.911350283116
78,3,1,37,195.639776407231
79,3,1,38,238.75932360578
80,3,1,39,178.62849239964
81,1,2,0,167.514172489934
82,1,2,1,136.211458640313
83,1,2,2,160.315910534656
84,1,2,3,158.647370422861
85,1,2,4,170.754936514955
86,1,2,5,169.829705306377
87,1,2,6,153.960524745831
88,1,2,7,183.744549091222
89,1,2,8,174.313388174132
90,1,2,9,176.748375337726
91,1,2,10,161.851428718268
92,1,2,11,172.774751064532
93,1,2,12,175.580867292498
94,1,2,13,174.935079671947
95,1,2,14,203.868335686802
96,1,2,15,169.950999504003
97,1,2,16,144.711723600437
98,1,2,17,200.532571097449
99,1,2,18,175.29276744664
100,1,2,19,196.552759406556
101,3,2,20,249.583850850083
102,3,2,21,230.352222596795
103,3,2,22,231.697696859806
104,3,2,23,190.621886764036
105,3,2,24,190.039146572624
106,3,2,25,180.263874356949
107,3,2,26,210.458045160529
108,3,2,27,183.317938951294
109,3,2,28,187.205611546648
110,3,2,29,226.054671810045
111,3,2,30,225.125377461617
112,3,2,31,169.297578205925
113,3,2,32,215.046467728513
114,3,2,33,185.555652212784
115,3,2,34,231.190876984831
116,3,2,35,197.687900856317
117,3,2,36,222.347170062754
118,3,2,37,217.85240348415
119,3,2,38,220.166789358203
120,3,2,39,198.812195893007
121,1,3,0,170.7123625693
122,1,3,1,163.862344076883
123,1,3,2,169.191449208975
124,1,3,3,157.065447136372
125,1,3,4,185.49590709458
126,1,3,5,187.487982334867
127,1,3,6,198.21616172851
128,1,3,7,170.1407003796
129,1,3,8,149.842446984981
130,1,3,9,165.158841533405
131,1,3,10,173.153087830498
132,1,3,11,191.483301329668
133,1,3,12,170.481203882572
134,1,3,13,173.602362596354
135,1,3,14,182.619509424481
136,1,3,15,195.850389512657
137,1,3,16,169.046382080406
138,1,3,17,177.832312420548
139,1,3,18,177.244349441199
140,1,3,19,190.075685263508
141,3,3,20,209.815099126701
142,3,3,21,194.087699385786
143,3,3,22,197.273804359633
144,3,3,23,201.502371661086
145,3,3,24,194.798576643492
146,3,3,25,207.357680769493
147,3,3,26,230.210056928646
148,3,3,27,218.330945316206
149,3,3,28,187.654287742942
150,3,3,29,201.21845364276
151,3,3,30,187.859883449037
152,3,3,31,231.491716731801
153,3,3,32,210.859306220883
154,3,3,33,226.211233565301
155,3,3,34,208.939788027
156,3,3,35,209.928286261697
157,3,3,36,236.518354948773
158,3,3,37,244.250376283214
159,3,3,38,264.78443823359
160,3,3,39,191.530651720087
161,1,4,0,190.354778185445
162,1,4,1,173.925429860278
163,1,4,2,171.187649737011
164,1,4,3,169.69051801642
165,1,4,4,171.892298966229
166,1,4,5,157.085254871661
167,1,4,6,136.259160239431
168,1,4,7,164.120621371423
169,1,4,8,173.605414519253
170,1,4,9,174.820442448541
171,1,4,10,170.251268791574
172,1,4,11,155.439695313341
173,1,4,12,160.498489704901
174,1,4,13,160.221005660902
175,1,4,14,187.69897868259
176,1,4,15,170.755153514895
177,1,4,16,170.209108311218
178,1,4,17,157.830398392921
179,1,4,18,167.19557895159
180,1,4,19,185.391351156163
181,3,4,20,173.90989648384
182,3,4,21,161.659278641352
183,3,4,22,177.076110990311
184,3,4,23,187.51007871742
185,3,4,24,228.303964931589
186,3,4,25,197.071595519807
187,3,4,26,205.716711737986
188,3,4,27,178.735720301549
189,3,4,28,242.1195218221
190,3,4,29,234.635485478332
191,3,4,30,196.977222850498
192,3,4,31,209.541032201051
193,3,4,32,215.01639216797
194,3,4,33,213.369027824124
195,3,4,34,199.193918171554
196,3,4,35,175.760692554516
197,3,4,36,168.419773418418
198,3,4,37,213.053966700315
199,3,4,38,225.506680544323
200,3,4,39,185.44623546457
201,1,5,0,172.713933733513
202,1,5,1,167.521367369895
203,1,5,2,165.522780480781
204,1,5,3,154.697537634652
205,1,5,4,175.620289415351
206,1,5,5,155.368001533552
207,1,5,6,177.859737572054
208,1,5,7,170.790725755541
209,1,5,8,189.246981637831
210,1,5,9,146.995039561928
211,1,5,10,194.569799038772
212,1,5,11,150.612183365697
213,1,5,12,187.127731231922
214,1,5,13,183.362379782423
215,1,5,14,186.309322885155
216,1,5,15,168.714163993537
217,1,5,16,147.024145996973
218,1,5,17,204.690595588733
219,1,5,18,164.935129417209
220,1,5,19,161.024174412991
221,3,5,20,226.028400636387
222,3,5,21,184.850085666543
223,3,5,22,199.322953837296
224,3,5,23,212.21710745066
225,3,5,24,176.069149425637
226,3,5,25,215.581161151508
227,3,5,26,157.702824523791
228,3,5,27,191.681783429721
229,3,5,28,196.599223634311
230,3,5,29,217.495839278607
231,3,5,30,196.044597767438
232,3,5,31,205.441988212999
233,3,5,32,257.190755854573
234,3,5,33,178.314044783981
235,3,5,34,256.775259940771
236,3,5,35,221.448876421694
237,3,5,36,195.001500266531
238,3,5,37,236.5205151367
239,3,5,38,236.155146163816
240,3,5,39,186.713502093245
241,1,6,0,173.323911195739
242,1,6,1,165.4937598868
243,1,6,2,165.69883305488
244,1,6,3,159.789442365757
245,1,6,4,161.183259378241
246,1,6,5,176.974504845169
247,1,6,6,145.867357417738
248,1,6,7,159.156683488284
249,1,6,8,144.172822577127
250,1,6,9,155.401791305309
251,1,6,10,180.778215947302
252,1,6,11,185.403384458193
253,1,6,12,157.98456504005
254,1,6,13,139.77287198658
255,1,6,14,147.443028415664
256,1,6,15,176.396009382541
257,1,6,16,206.815887835754
258,1,6,17,197.506123233293
259,1,6,18,153.935038123714
260,1,6,19,159.442196836758
261,3,6,20,252.72943514666
262,3,6,21,225.994045854925
263,3,6,22,216.806462108602
264,3,6,23,219.569753270567
265,3,6,24,176.181493547292
266,3,6,25,195.312097652077
267,3,6,26,241.583328209405
268,3,6,27,198.985944012461
269,3,6,28,230.788482236514
270,3,6,29,219.343324558433
271,3,6,30,175.507576423861
272,3,6,31,176.583584360024
273,3,6,32,213.551184582576
274,3,6,33,206.552543696518
275,3,6,34,174.187658588785
276,3,6,35,266.371094378381
277,3,6,36,245.522195097541
278,3,6,37,179.594710702247
279,3,6,38,202.468909413019
280,3,6,39,237.945237393638
281,1,7,0,179.798273789809
282,1,7,1,172.81867479938
283,1,7,2,160.067206499065
284,1,7,3,172.591589419833
285,1,7,4,193.58184566798
286,1,7,5,166.032892057704
287,1,7,6,154.627944056405
288,1,7,7,156.581933364608
289,1,7,8,166.66072403414
290,1,7,9,170.504531474287
291,1,7,10,170.48855781171
292,1,7,11,164.880028240445
293,1,7,12,144.763937871266
294,1,7,13,153.015611146522
295,1,7,14,170.618316729262
296,1,7,15,163.332707672562
297,1,7,16,173.624780084417
298,1,7,17,147.276809329284
299,1,7,18,158.385312184028
300,1,7,19,162.242059940286
301,3,7,20,212.180218788878
302,3,7,21,232.378704194965
303,3,7,22,247.685061730133
304,3,7,23,227.469826323319
305,3,7,24,212.451999646611
306,3,7,25,246.532270245731
307,3,7,26,252.613336644776
308,3,7,27,234.913609330918
309,3,7,28,216.0183125471
310,3,7,29,159.77468459136
311,3,7,30,229.380907126187
312,3,7,31,249.030698847698
313,3,7,32,146.433600641852
314,3,7,33,248.469034183814
315,3,7,34,201.196345177487
316,3,7,35,223.080387139874
317,3,7,36,199.625372589104
318,3,7,37,215.690288459556
319,3,7,38,234.971062443771
320,3,7,39,201.283620193237
321,1,8,0,143.53425871604
322,1,8,1,180.07824586243
323,1,8,2,174.822134798845
324,1,8,3,184.650754039827
325,1,8,4,189.151259193805
326,1,8,5,179.476096679027
327,1,8,6,168.005549316568
328,1,8,7,157.416739318723
329,1,8,8,174.647755386414
330,1,8,9,194.54753437218
331,1,8,10,179.555783799125
332,1,8,11,189.597526277632
333,1,8,12,158.010072385395
334,1,8,13,163.98566819526
335,1,8,14,158.461727380715
336,1,8,15,162.960972154442
337,1,8,16,160.038130718083
338,1,8,17,180.725587766619
339,1,8,18,168.910229148126
340,1,8,19,167.885561178133
341,3,8,20,235.772248042751
342,3,8,21,182.606020162804
343,3,8,22,219.091049982343
344,3,8,23,205.215114394039
345,3,8,24,204.774266802955
346,3,8,25,215.963261370062
347,3,8,26,161.308178043848
348,3,8,27,157.878505836446
349,3,8,28,195.143651084592
350,3,8,29,207.782276803786
351,3,8,30,258.448742483591
352,3,8,31,207.892534183352
353,3,8,32,256.233054771769
354,3,8,33,207.662634802997
355,3,8,34,184.792722233957
356,3,8,35,254.893229615843
357,3,8,36,175.183531467211
358,3,8,37,228.375960187283
359,3,8,38,213.323539232704
360,3,8,39,192.765360651462
361,1,9,0,169.442628779585
362,1,9,1,139.251291082019
363,1,9,2,192.6183703445
364,1,9,3,186.366322687535
365,1,9,4,170.803555746485
366,1,9,5,145.765302200668
367,1,9,6,163.630571038282
368,1,9,7,179.046588913338
369,1,9,8,165.583947572358
370,1,9,9,188.51436305801
371,1,9,10,176.241236131363
372,1,9,11,174.64441654775
373,1,9,12,159.313611927775
374,1,9,13,198.627172338255
375,1,9,14,181.291200010634
376,1,9,15,154.065733426538
377,1,9,16,154.494483590427
378,1,9,17,161.883021972178
379,1,9,18,161.083290430579
380,1,9,19,171.15101958159
381,3,9,20,225.406869942084
382,3,9,21,175.840521805733
383,3,9,22,196.964705412446
384,3,9,23,228.454573751818
385,3,9,24,222.954652127091
386,3,9,25,238.084313286079
387,3,9,26,226.346219890834
388,3,9,27,219.673978701299
389,3,9,28,198.095257526074
390,3,9,29,196.015534293833
391,3,9,30,168.179893728322
392,3,9,31,278.54643265756
393,3,9,32,183.377112803747
394,3,9,33,185.912443855906
395,3,9,34,202.133903435579
396,3,9,35,168.186289367372
397,3,9,36,225.158079280592
398,3,9,37,213.768387530095
399,3,9,38,185.022760642383
400,3,9,39,270.925749856827
401,1,10,0,209.790454506097
402,1,10,1,157.965223225932
403,1,10,2,192.003617313135
404,1,10,3,170.431083660523
405,1,10,4,168.93336070535
406,1,10,5,157.560682308624
407,1,10,6,142.501513679553
408,1,10,7,175.579311134744
409,1,10,8,156.613131503449
410,1,10,9,171.184655387691
411,1,10,10,186.429642474391
412,1,10,11,200.513677986883
413,1,10,12,194.485173190153
414,1,10,13,156.019138828932
415,1,10,14,182.662205976154
416,1,10,15,165.211763081939
417,1,10,16,148.552795968424
418,1,10,17,179.959264089007
419,1,10,18,166.26831930189
420,1,10,19,179.114402577557
421,3,10,20,210.223860126547
422,3,10,21,179.170921532323
423,3,10,22,251.139490141098
424,3,10,23,195.232794097305
425,3,10,24,177.936774364846
426,3,10,25,216.354035874332
427,3,10,26,232.673033214057
428,3,10,27,242.22192722389
429,3,10,28,224.447787818402
430,3,10,29,181.581918347207
431,3,10,30,230.56185876601
432,3,10,31,184.515220318534
433,3,10,32,174.895356896225
434,3,10,33,210.519056782143
435,3,10,34,221.774421730374
436,3,10,35,231.809813828609
437,3,10,36,212.211250941104
438,3,10,37,208.834699814588
439,3,10,38,207.575200745107
440,3,10,39,222.456719121496
441,1,11,0,145.087258628489
442,1,11,1,169.229702034355
443,1,11,2,175.156010853095
444,1,11,3,165.888976146096
445,1,11,4,169.023420775485
446,1,11,5,174.291204498527
447,1,11,6,176.148303280928
448,1,11,7,171.967996285246
449,1,11,8,145.282916485109
450,1,11,9,181.54113759352
451,1,11,10,157.121647095127
452,1,11,11,205.824067739728
453,1,11,12,178.995247029713
454,1,11,13,182.332344659774
455,1,11,14,179.593600933139
456,1,11,15,178.31505858359
457,1,11,16,172.848363892146
458,1,11,17,205.068421412983
459,1,11,18,175.516005752458
460,1,11,19,149.412621379821
461,3,11,20,221.682797004841
462,3,11,21,211.526775118827
463,3,11,22,188.582178284157
464,3,11,23,227.027214379344
465,3,11,24,205.828393146189
466,3,11,25,253.375510318328
467,3,11,26,182.424032948547
468,3,11,27,212.120785288135
469,3,11,28,230.454853254588
470,3,11,29,195.930439779711
471,3,11,30,224.210717407643
472,3,11,31,220.18775955733
473,3,11,32,220.18920569277
474,3,11,33,231.852105034835
475,3,11,34,189.415861391805
476,3,11,35,156.59682963774
477,3,11,36,180.080761917437
478,3,11,37,204.567341550389
479,3,11,38,202.504993789613
480,3,11,39,245.922670362789
481,1,12,0,170.943841678647
482,1,12,1,145.546321799805
483,1,12,2,156.585682605484
484,1,12,3,163.148361507491
485,1,12,4,157.363883551759
486,1,12,5,146.60726666378
487,1,12,6,197.861982068766
488,1,12,7,193.515273772059
489,1,12,8,169.279239231124
490,1,12,9,158.470603262711
491,1,12,10,168.299586809213
492,1,12,11,198.505434165252
493,1,12,12,165.650527522148
494,1,12,13,163.340334538589
495,1,12,14,167.917566473391
496,1,12,15,181.800683380513
497,1,12,16,154.074198666788
498,1,12,17,145.040074244537
499,1,12,18,130.706196374567
500,1,12,19,182.385962170782
501,3,12,20,250.424388067652
502,3,12,21,218.730343127107
503,3,12,22,238.082495947619
504,3,12,23,206.16085688574
505,3,12,24,221.5310292376
506,3,12,25,234.964795745183
507,3,12,26,213.139077585241
508,3,12,27,206.990077333308
509,3,12,28,241.830635944448
510,3,12,29,201.922850114907
511,3,12,30,181.596746735409
512,3,12,31,205.388956909836
513,3,12,32,219.700708425227
514,3,12,33,212.310755219996
515,3,12,34,265.054407963406
516,3,12,35,150.603531920293
517,3,12,36,224.027246441273
518,3,12,37,186.168372480082
519,3,12,38,209.121392579644
520,3,12,39,243.951929503362
521,1,13,0,174.608078141248
522,1,13,1,187.263686516736
523,1,13,2,185.948176576073
524,1,13,3,180.171328017244
525,1,13,4,159.909419517082
526,1,13,5,171.579063984168
527,1,13,6,167.529373273557
528,1,13,7,163.633630472657
529,1,13,8,150.249052078368
530,1,13,9,180.575820971309
531,1,13,10,157.407045583736
532,1,13,11,172.152118252565
533,1,13,12,176.635830572223
534,1,13,13,177.310513547722
535,1,13,14,176.247869141945
536,1,13,15,177.91390560119
537,1,13,16,195.737771059624
538,1,13,17,180.536896284949
539,1,13,18,163.609403180081
540,1,13,19,171.666618550818
541,3,13,20,235.366438825856
542,3,13,21,207.015119860885
543,3,13,22,159.604042374418
544,3,13,23,165.284125884577
545,3,13,24,180.016621291915
546,3,13,25,212.085175909705
547,3,13,26,205.213581651006
548,3,13,27,228.913231987273
549,3,13,28,157.353419343219
550,3,13,29,144.904563893181
551,3,13,30,244.042301195772
552,3,13,31,186.314959916848
553,3,13,32,218.796522644635
554,3,13,33,274.483709408802
555,3,13,34,168.295503775596
556,3,13,35,179.433281632525
557,3,13,36,209.458034718063
558,3,13,37,203.646053335153
559,3,13,38,215.857434084789
560,3,13,39,211.2909675586
561,1,14,0,204.542401713091
562,1,14,1,168.008292358282
563,1,14,2,153.203020803166
564,1,14,3,165.039351814257
565,1,14,4,159.746319703522
566,1,14,5,155.426735653334
567,1,14,6,185.755966766948
568,1,14,7,164.163354868726
569,1,14,8,179.858552041137
570,1,14,9,156.918191020393
571,1,14,10,178.654886237322
572,1,14,11,188.107018094376
573,1,14,12,154.864541311376
574,1,14,13,159.688947417315
575,1,14,14,155.477767925648
576,1,14,15,189.128916839092
577,1,14,16,177.394707434839
578,1,14,17,161.371630730645
579,1,14,18,179.465854817643
580,1,14,19,157.00199423782
581,3,14,20,238.160344428264
582,3,14,21,236.041395724345
583,3,14,22,230.45313490834
584,3,14,23,198.575472777035
585,3,14,24,208.002594791486
586,3,14,25,148.465763959317
587,3,14,26,228.971177960855
588,3,14,27,199.210776728012
589,3,14,28,240.461331045423
590,3,14,29,242.737455821745
591,3,14,30,193.190221028367
592,3,14,31,190.806736097356
593,3,14,32,170.58381375848
594,3,14,33,159.790390583453
595,3,14,34,193.490469843304
596,3,14,35,204.693549753082
597,3,14,36,212.060067191925
598,3,14,37,206.294843478606
599,3,14,38,231.565114882217
600,3,14,39,180.453142552951
601,1,15,0,180.13186064253
602,1,15,1,186.319530857723
603,1,15,2,163.219146788464
604,1,15,3,152.217031058467
605,1,15,4,174.883784928655
606,1,15,5,145.445372149876
607,1,15,6,190.997941880787
608,1,15,7,168.358265828947
609,1,15,8,164.320423700679
610,1,15,9,185.239406507602
611,1,15,10,155.564587282331
612,1,15,11,147.219976077005
613,1,15,12,190.477260294251
614,1,15,13,178.796374218311
615,1,15,14,166.06893773382
616,1,15,15,168.119669138677
617,1,15,16,168.285260579249
618,1,15,17,134.812807300993
619,1,15,18,165.783730713174
620,1,15,19,177.974149268885
621,3,15,20,220.502350250858
622,3,15,21,225.857810110159
623,3,15,22,207.695351004774
624,3,15,23,207.987692378975
625,3,15,24,205.778502057494
626,3,15,25,217.49435944457
627,3,15,26,255.427767314864
628,3,15,27,203.09779990989
629,3,15,28,248.740207526807
630,3,15,29,190.121490567858
631,3,15,30,194.287294875424
632,3,15,31,257.191844766826
633,3,15,32,212.714527087389
634,3,15,33,213.388462676957
635,3,15,34,219.40619293198
636,3,15,35,233.648450697998
637,3,15,36,239.231093357263
638,3,15,37,197.191473056752
639,3,15,38,256.938557396192
640,3,15,39,193.270920127023
641,1,16,0,160.204774326818
642,1,16,1,176.448154503689
643,1,16,2,156.525815947306
644,1,16,3,175.328923955903
645,1,16,4,179.966012274133
646,1,16,5,205.717331212822
647,1,16,6,184.202749627866
648,1,16,7,179.087044133774
649,1,16,8,161.007199228932
650,1,16,9,177.199955738064
651,1,16,10,186.191090572714
652,1,16,11,161.900524414181
653,1,16,12,174.257431124965
654,1,16,13,196.063700003631
655,1,16,14,164.507940614703
656,1,16,15,150.691220109067
657,1,16,16,154.519391223617
658,1,16,17,164.805445492118
659,1,16,18,179.782529394645
660,1,16,19,159.361827115666
661,3,16,20,172.848829643516
662,3,16,21,210.883501333479
663,3,16,22,208.107701953233
664,3,16,23,218.597804140075
665,3,16,24,213.961080771092
666,3,16,25,178.199076845268
667,3,16,26,222.200447335461
668,3,16,27,214.085268581259
669,3,16,28,192.450013375018
670,3,16,29,188.975930765506
671,3,16,30,190.175363555815
672,3,16,31,205.076642640873
673,3,16,32,210.933566553392
674,3,16,33,243.142620640162
675,3,16,34,155.613121375861
676,3,16,35,191.811922659226
677,3,16,36,187.719267225094
678,3,16,37,198.484741467837
679,3,16,38,254.287071941461
680,3,16,39,207.530440650617
681,1,17,0,202.5365298677
682,1,17,1,154.91524255931
683,1,17,2,175.256675807449
684,1,17,3,169.879977258649
685,1,17,4,153.646308372324
686,1,17,5,175.987082072772
687,1,17,6,166.252003109941
688,1,17,7,156.756666136829
689,1,17,8,174.916759124683
690,1,17,9,161.655222856003
691,1,17,10,165.428953036971
692,1,17,11,176.755495766059
693,1,17,12,178.026437989973
694,1,17,13,170.683503229521
695,1,17,14,176.752463866975
696,1,17,15,196.078852412067
697,1,17,16,173.093019186301
698,1,17,17,151.358331207735
699,1,17,18,185.328446537208
700,1,17,19,171.259110714924
701,3,17,20,233.013345857973
702,3,17,21,192.019201552797
703,3,17,22,224.421616099369
704,3,17,23,216.289311171493
705,3,17,24,175.923988378923
706,3,17,25,219.756239356953
707,3,17,26,225.398830676646
708,3,17,27,205.597138709037
709,3,17,28,218.570492877139
710,3,17,29,189.034112182728
711,3,17,30,232.513294541552
712,3,17,31,258.416526256777
713,3,17,32,223.143696447946
714,3,17,33,185.727068523986
715,3,17,34,202.646245812113
716,3,17,35,174.351629088011
717,3,17,36,242.00046629601
718,3,17,37,204.255272086436
719,3,17,38,191.031163087189
720,3,17,39,176.322467554024
721,1,18,0,161.252896687252
722,1,18,1,166.120791839427
723,1,18,2,163.91172948349
724,1,18,3,188.762965473634
725,1,18,4,191.853627308465
726,1,18,5,164.258176412693
727,1,18,6,174.296126392227
728,1,18,7,156.439117423497
729,1,18,8,163.821401940822
730,1,18,9,176.949847973191
731,1,18,10,182.008343989051
732,1,18,11,164.583554484483
733,1,18,12,155.683044466376
734,1,18,13,167.244650584414
735,1,18,14,173.596570179584
736,1,18,15,164.824993862277
737,1,18,16,155.101065074694
738,1,18,17,190.765918244479
739,1,18,18,174.969545386517
740,1,18,19,168.267181756763
741,3,18,20,225.074376771023
742,3,18,21,224.462180102406
743,3,18,22,221.366939695751
744,3,18,23,169.951174777389
745,3,18,24,170.579891159569
746,3,18,25,236.056607225162
747,3,18,26,212.197755402477
748,3,18,27,155.387214797565
749,3,18,28,184.219660957954
750,3,18,29,238.400556884577
751,3,18,30,204.569605869817
752,3,18,31,197.425392480193
753,3,18,32,261.243291946022
754,3,18,33,226.141181659582
755,3,18,34,214.197251875246
756,3,18,35,181.191058615313
757,3,18,36,182.214237127183
758,3,18,37,175.660384001853
759,3,18,38,187.054781448225
760,3,18,39,202.09144906283
761,1,19,0,187.907753158278
762,1,19,1,153.252914528514
763,1,19,2,154.138100403744
764,1,19,3,133.877511138667
765,1,19,4,137.365353055662
766,1,19,5,180.778234482261
767,1,19,6,168.811357156926
768,1,19,7,161.263334018655
769,1,19,8,161.389186878761
770,1,19,9,174.535957003701
771,1,19,10,154.822734014619
772,1,19,11,203.415281698201
773,1,19,12,152.908792581925
774,1,19,13,165.948421307054
775,1,19,14,156.485741936297
776,1,19,15,145.688751860453
777,1,19,16,172.841929461001
778,1,19,17,163.43780600749
779,1,19,18,138.65130685117
780,1,19,19,169.067531946995
781,3,19,20,252.378046836184
782,3,19,21,229.360411299081
783,3,19,22,268.600575700624
784,3,19,23,228.361229214091
785,3,19,24,201.167369251373
786,3,19,25,204.325975527295
787,3,19,26,203.583104680218
788,3,19,27,220.76994268085
789,3,19,28,244.041364193384
790,3,19,29,213.153297881793
791,3,19,30,211.259648710473
792,3,19,31,199.865512652117
793,3,19,32,197.179537985679
794,3,19,33,198.632344033186
795,3,19,34,186.065236965681
796,3,19,35,196.906793858143
797,3,19,36,246.124705589395
798,3,19,37,225.268055412417
799,3,19,38,218.559659689854
800,3,19,39,188.124559117892
801,2,20,0,132.249162509334
802,2,20,1,187.963500948964
803,2,20,2,167.125369968688
804,2,20,3,197.977461419353
805,2,20,4,142.934350368558
806,2,20,5,191.642587463767
807,2,20,6,196.703149381939
808,2,20,7,206.253687332374
809,2,20,8,140.142492391682
810,2,20,9,196.99239827593
811,2,20,10,194.704254293975
812,2,20,11,171.54393766744
813,2,20,12,183.711924546631
814,2,20,13,196.89816654303
815,2,20,14,177.326945558621
816,2,20,15,187.095732059446
817,2,20,16,191.859767322222
818,2,20,17,207.48846624005
819,2,20,18,171.96769291331
820,2,20,19,182.080609416247
821,4,20,20,236.836745377236
822,4,20,21,257.080299837227
823,4,20,22,225.825640831086
824,4,20,23,207.308278211582
825,4,20,24,229.671959705238
826,4,20,25,230.59540041306
827,4,20,26,219.642391874358
828,4,20,27,211.226292738455
829,4,20,28,246.766958438673
830,4,20,29,281.110242191751
831,4,20,30,201.017447060346
832,4,20,31,178.208835844561
833,4,20,32,212.442574521625
834,4,20,33,180.485536365516
835,4,20,34,258.213313969485
836,4,20,35,258.407991239638
837,4,20,36,220.688254104849
838,4,20,37,204.947861863757
839,4,20,38,205.367382288591
840,4,20,39,161.651053917202
841,2,21,0,229.719525375008
842,2,21,1,220.583722171614
843,2,21,2,211.177020368032
844,2,21,3,192.327255395287
845,2,21,4,194.366292740009
846,2,21,5,167.655157343589
847,2,21,6,198.664624663576
848,2,21,7,183.984451678253
849,2,21,8,168.099587314448
850,2,21,9,204.482862022185
851,2,21,10,140.944975527506
852,2,21,11,214.342302252934
853,2,21,12,213.484263881297
854,2,21,13,205.27833377226
855,2,21,14,190.038784591569
856,2,21,15,197.76647125609
857,2,21,16,217.596417766018
858,2,21,17,156.8765101391
859,2,21,18,189.618406949332
860,2,21,19,176.259566517245
861,4,21,20,265.157188680673
862,4,21,21,261.291822428158
863,4,21,22,260.72131178911
864,4,21,23,242.243554909756
865,4,21,24,304.413155768622
866,4,21,25,220.458870768514
867,4,21,26,246.282048128025
868,4,21,27,216.281469445392
869,4,21,28,246.071452675439
870,4,21,29,221.103108235966
871,4,21,30,250.198193794007
872,4,21,31,200.749806728659
873,4,21,32,186.026648989555
874,4,21,33,239.760524534394
875,4,21,34,207.93046812775
876,4,21,35,226.516899224651
877,4,21,36,243.874765127998
878,4,21,37,214.24092407022
879,4,21,38,259.652550207949
880,4,21,39,213.707927404845
881,2,22,0,174.049734638553
882,2,22,1,214.989623781794
883,2,22,2,195.535333325782
884,2,22,3,186.683234151541
885,2,22,4,169.118273461543
886,2,22,5,167.585895000567
887,2,22,6,200.802692889659
888,2,22,7,185.740487944266
889,2,22,8,201.645226448119
890,2,22,9,211.883905097602
891,2,22,10,193.048467587586
892,2,22,11,183.644988243004
893,2,22,12,215.401335665707
894,2,22,13,175.867311980449
895,2,22,14,203.381024280209
896,2,22,15,171.756776667508
897,2,22,16,173.495758732276
898,2,22,17,195.187715173425
899,2,22,18,212.081708917643
900,2,22,19,185.62543558009
901,4,22,20,173.702461066929
902,4,22,21,228.243486188609
903,4,22,22,237.19617316318
904,4,22,23,220.659314739308
905,4,22,24,238.795747809308
906,4,22,25,207.253033696424
907,4,22,26,213.826453242797
908,4,22,27,268.966446788072
909,4,22,28,219.153305531841
910,4,22,29,195.117022929595
911,4,22,30,205.726622560368
912,4,22,31,186.853297265907
913,4,22,32,208.560529904684
914,4,22,33,214.431978620916
915,4,22,34,245.67685363094
916,4,22,35,246.916047015901
917,4,22,36,202.363176629627
918,4,22,37,195.543026142034
919,4,22,38,198.354856912284
920,4,22,39,196.772647195222
921,2,23,0,222.878641417569
922,2,23,1,210.189247460155
923,2,23,2,185.179194751984
924,2,23,3,240.765127631206
925,2,23,4,182.805230705656
926,2,23,5,192.908472465515
927,2,23,6,159.056336466199
928,2,23,7,182.238964798097
929,2,23,8,193.14186301968
930,2,23,9,177.022474014388
931,2,23,10,185.29282924586
932,2,23,11,192.271915199316
933,2,23,12,187.173104165102
934,2,23,13,191.870805658115
935,2,23,14,188.853873013638
936,2,23,15,199.350009919266
937,2,23,16,187.264286765658
938,2,23,17,231.872604372396
939,2,23,18,176.902494696874
940,2,23,19,194.489507895659
941,4,23,20,208.214100757622
942,4,23,21,278.067888359819
943,4,23,22,226.711076082772
944,4,23,23,253.408573598624
945,4,23,24,235.596955874792
946,4,23,25,207.643494194453
947,4,23,26,209.067713636343
948,4,23,27,181.070737631047
949,4,23,28,253.498740830541
950,4,23,29,271.947033535841
951,4,23,30,264.003397361308
952,4,23,31,180.204975148228
953,4,23,32,230.762794050482
954,4,23,33,206.636065830854
955,4,23,34,224.578015408566
956,4,23,35,228.78705005448
957,4,23,36,169.78431871864
958,4,23,37,227.214588203225
959,4,23,38,201.325917081526
960,4,23,39,145.00346785637
961,2,24,0,217.932863527526
962,2,24,1,166.641771240315
963,2,24,2,187.346685694316
964,2,24,3,219.856177552701
965,2,24,4,201.465997852656
966,2,24,5,215.583117229609
967,2,24,6,179.911805300283
968,2,24,7,204.564923050984
969,2,24,8,187.516787040974
970,2,24,9,169.743236961158
971,2,24,10,145.969455308471
972,2,24,11,204.301419568596
973,2,24,12,170.166520323884
974,2,24,13,205.833985087481
975,2,24,14,181.887881377913
976,2,24,15,178.51936081519
977,2,24,16,191.874622943743
978,2,24,17,219.927738389363
979,2,24,18,170.966378702045
980,2,24,19,177.745803504203
981,4,24,20,232.166516745861
982,4,24,21,225.419384702796
983,4,24,22,262.787736165143
984,4,24,23,186.334793681913
985,4,24,24,213.157677835755
986,4,24,25,250.339856314468
987,4,24,26,183.780369122094
988,4,24,27,239.489028279403
989,4,24,28,204.9227062226
990,4,24,29,237.514151455724
991,4,24,30,231.052036020521
992,4,24,31,260.28737157642
993,4,24,32,266.097945704301
994,4,24,33,235.561217087207
995,4,24,34,234.939674957716
996,4,24,35,226.118474791631
997,4,24,36,208.678721321738
998,4,24,37,188.587964645174
999,4,24,38,221.566385461251
1000,4,24,39,194.672161318292
1001,2,25,0,210.333374630238
1002,2,25,1,190.428948423874
1003,2,25,2,171.963950299597
1004,2,25,3,211.321752337246
1005,2,25,4,227.116100458567
1006,2,25,5,174.706306028035
1007,2,25,6,190.281812561825
1008,2,25,7,191.379163810998
1009,2,25,8,198.014905541788
1010,2,25,9,186.953140588784
1011,2,25,10,204.960826914719
1012,2,25,11,166.809839988446
1013,2,25,12,177.142099845923
1014,2,25,13,199.228792069953
1015,2,25,14,234.883417101953
1016,2,25,15,176.591326034905
1017,2,25,16,209.508529003707
1018,2,25,17,212.049237152253
1019,2,25,18,197.510793828752
1020,2,25,19,199.564805182085
1021,4,25,20,268.496551817529
1022,4,25,21,267.476736515375
1023,4,25,22,207.614860856846
1024,4,25,23,255.438189801902
1025,4,25,24,247.010172967442
1026,4,25,25,227.192434968617
1027,4,25,26,204.068952114267
1028,4,25,27,285.482401044394
1029,4,25,28,235.071082980365
1030,4,25,29,226.905830080781
1031,4,25,30,191.998179408929
1032,4,25,31,186.711105340983
1033,4,25,32,217.113021237851
1034,4,25,33,210.587012765688
1035,4,25,34,244.087319211042
1036,4,25,35,224.744422087079
1037,4,25,36,236.068195251574
1038,4,25,37,253.537541670097
1039,4,25,38,218.079683506151
1040,4,25,39,223.408249949639
1041,2,26,0,190.342499243617
1042,2,26,1,209.379168043039
1043,2,26,2,182.47637842897
1044,2,26,3,199.747211202004
1045,2,26,4,183.463246576984
1046,2,26,5,185.857163794014
1047,2,26,6,165.961329889676
1048,2,26,7,224.33211201781
1049,2,26,8,205.540177858276
1050,2,26,9,180.098717550813
1051,2,26,10,186.526247378657
1052,2,26,11,196.136360439818
1053,2,26,12,206.653028992093
1054,2,26,13,207.456190171843
1055,2,26,14,215.658628153214
1056,2,26,15,189.546764616804
1057,2,26,16,144.124324719838
1058,2,26,17,189.874777364898
1059,2,26,18,207.64230714214
1060,2,26,19,208.696069351227
1061,4,26,20,243.911946804404
1062,4,26,21,206.431405757121
1063,4,26,22,153.24592604816
1064,4,26,23,242.584712727853
1065,4,26,24,250.786172213548
1066,4,26,25,201.728549833592
1067,4,26,26,199.70748821763
1068,4,26,27,191.844988028015
1069,4,26,28,221.407267923334
1070,4,26,29,208.92340114682
1071,4,26,30,185.376570370027
1072,4,26,31,227.388342048878
1073,4,26,32,213.439124242495
1074,4,26,33,264.291055325049
1075,4,26,34,262.627655723774
1076,4,26,35,206.699046523139
1077,4,26,36,271.49734948052
1078,4,26,37,237.627250620355
1079,4,26,38,226.965656741963
1080,4,26,39,268.586259046472
1081,2,27,0,179.398747514149
1082,2,27,1,186.75385665874
1083,2,27,2,191.010893879095
1084,2,27,3,198.14646491594
1085,2,27,4,172.363965551136
1086,2,27,5,159.498411980193
1087,2,27,6,188.409514742756
1088,2,27,7,192.395790596127
1089,2,27,8,174.391080844181
1090,2,27,9,193.913040853246
1091,2,27,10,165.15606078621
1092,2,27,11,161.185214791775
1093,2,27,12,162.505046809836
1094,2,27,13,162.556151048412
1095,2,27,14,216.779336989399
1096,2,27,15,191.908926757798
1097,2,27,16,192.768143040681
1098,2,27,17,171.32409973556
1099,2,27,18,180.414125643056
1100,2,27,19,170.971128833712
1101,4,27,20,288.140415057864
1102,4,27,21,169.350648741315
1103,4,27,22,226.672542343981
1104,4,27,23,242.570949887427
1105,4,27,24,172.838502470999
1106,4,27,25,225.183973475772
1107,4,27,26,226.387761944419
1108,4,27,27,240.673483512217
1109,4,27,28,277.286142852952
1110,4,27,29,239.763622096154
1111,4,27,30,243.992186040995
1112,4,27,31,228.551815666136
1113,4,27,32,172.823609914098
1114,4,27,33,240.074674354693
1115,4,27,34,288.29253713164
1116,4,27,35,241.479113900051
1117,4,27,36,229.373908541064
1118,4,27,37,202.669641636627
1119,4,27,38,242.796138495831
1120,4,27,39,240.998193621277
1121,2,28,0,189.661049369047
1122,2,28,1,149.062782510854
1123,2,28,2,235.430899759894
1124,2,28,3,158.759346782694
1125,2,28,4,202.5830089057
1126,2,28,5,193.849167397809
1127,2,28,6,230.310298612529
1128,2,28,7,179.25018748323
1129,2,28,8,178.236446521226
1130,2,28,9,186.390298719386
1131,2,28,10,189.499325512612
1132,2,28,11,168.411922146076
1133,2,28,12,239.564407393742
1134,2,28,13,213.63002020026
1135,2,28,14,231.930353992459
1136,2,28,15,194.08572018638
1137,2,28,16,201.896275908129
1138,2,28,17,179.98648780523
1139,2,28,18,233.651936334438
1140,2,28,19,179.353458287704
1141,4,28,20,194.51466723584
1142,4,28,21,198.828945568828
1143,4,28,22,184.561559587897
1144,4,28,23,248.976154455878
1145,4,28,24,213.741689821024
1146,4,28,25,251.421771442583
1147,4,28,26,229.921605320371
1148,4,28,27,223.470102202575
1149,4,28,28,205.019472721625
1150,4,28,29,241.913728883502
1151,4,28,30,198.008751257961
1152,4,28,31,193.062886788121
1153,4,28,32,218.190228292829
1154,4,28,33,191.65596736132
1155,4,28,34,163.032104059053
1156,4,28,35,174.989486271983
1157,4,28,36,264.507926918612
1158,4,28,37,219.185210098286
1159,4,28,38,234.779948901082
1160,4,28,39,226.214824755234
1161,2,29,0,226.980332686965
1162,2,29,1,159.474400892611
1163,2,29,2,189.344884313685
1164,2,29,3,194.480473848197
1165,2,29,4,190.536675141305
1166,2,29,5,191.0758413046
1167,2,29,6,174.125079795002
1168,2,29,7,208.308401400692
1169,2,29,8,191.008663735839
1170,2,29,9,199.871491264021
1171,2,29,10,165.887527886471
1172,2,29,11,185.532691291515
1173,2,29,12,176.112186070036
1174,2,29,13,209.154662290311
1175,2,29,14,192.501163993471
1176,2,29,15,165.892359738144
1177,2,29,16,208.830053675361
1178,2,29,17,189.280452296702
1179,2,29,18,167.825073815904
1180,2,29,19,168.944515630114
1181,4,29,20,216.813695141937
1182,4,29,21,224.728691857354
1183,4,29,22,229.509718443924
1184,4,29,23,248.99683115849
1185,4,29,24,332.278599267264
1186,4,29,25,252.036112777789
1187,4,29,26,245.651826585742
1188,4,29,27,255.883052769108
1189,4,29,28,284.665554974728
1190,4,29,29,211.110626547227
1191,4,29,30,189.809244388246
1192,4,29,31,244.286420581182
1193,4,29,32,270.628496089848
1194,4,29,33,272.673552779317
1195,4,29,34,282.627587263409
1196,4,29,35,237.643383432562
1197,4,29,36,205.451553371994
1198,4,29,37,176.464787986454
1199,4,29,38,259.261680573336
1200,4,29,39,211.683412753995
1201,2,30,0,164.116885008056
1202,2,30,1,236.114623745319
1203,2,30,2,164.719664701256
1204,2,30,3,213.487088006233
1205,2,30,4,207.429494819677
1206,2,30,5,210.409076635899
1207,2,30,6,173.326742951305
1208,2,30,7,177.834658563333
1209,2,30,8,185.695253297441
1210,2,30,9,182.69059687048
1211,2,30,10,165.021075115375
1212,2,30,11,206.713209204535
1213,2,30,12,204.638844869038
1214,2,30,13,171.724074437442
1215,2,30,14,189.455319703453
1216,2,30,15,221.669731711828
1217,2,30,16,163.734887868124
1218,2,30,17,211.473473688935
1219,2,30,18,224.05303794155
1220,2,30,19,186.138975893044
1221,4,30,20,235.768646812624
1222,4,30,21,228.508162459295
1223,4,30,22,208.936615836254
1224,4,30,23,207.686500468558
1225,4,30,24,318.188743458542
1226,4,30,25,257.455987659628
1227,4,30,26,236.077342675102
1228,4,30,27,239.196409162587
1229,4,30,28,202.405087624301
1230,4,30,29,219.596001251966
1231,4,30,30,231.469051897479
1232,4,30,31,237.285968919801
1233,4,30,32,209.898025971795
1234,4,30,33,204.315820435466
1235,4,30,34,219.036824503167
1236,4,30,35,240.975783399866
1237,4,30,36,230.358929551129
1238,4,30,37,218.711475429768
1239,4,30,38,263.982467068443
1240,4,30,39,188.268418385781
1241,2,31,0,184.267218837337
1242,2,31,1,194.057928495601
1243,2,31,2,195.370296066481
1244,2,31,3,191.154015363291
1245,2,31,4,171.998393961466
1246,2,31,5,184.294105502492
1247,2,31,6,224.166377603747
1248,2,31,7,180.803509517451
1249,2,31,8,205.946483212828
1250,2,31,9,217.175723251154
1251,2,31,10,182.899351244169
1252,2,31,11,214.883471880929
1253,2,31,12,190.966427034675
1254,2,31,13,215.016289526019
1255,2,31,14,199.724529865977
1256,2,31,15,185.856128403702
1257,2,31,16,162.479814258233
1258,2,31,17,144.494253758771
1259,2,31,18,200.044221843861
1260,2,31,19,167.104663341607
1261,4,31,20,238.645193929927
1262,4,31,21,205.103429407752
1263,4,31,22,239.838929364611
1264,4,31,23,234.980323836342
1265,4,31,24,215.313448985118
1266,4,31,25,289.644851319767
1267,4,31,26,191.742470521085
1268,4,31,27,249.090253004217
1269,4,31,28,241.031914429629
1270,4,31,29,191.788864615492
1271,4,31,30,185.435261194442
1272,4,31,31,213.89242849474
1273,4,31,32,248.492006781671
1274,4,31,33,216.891890256984
1275,4,31,34,206.958974409793
1276,4,31,35,252.240536936745
1277,4,31,36,217.227303860036
1278,4,31,37,249.444253612018
1279,4,31,38,229.468556806185
1280,4,31,39,227.584972765402
1281,2,32,0,225.672416285861
1282,2,32,1,169.99388647541
1283,2,32,2,185.701416500433
1284,2,32,3,188.344859603664
1285,2,32,4,184.243886405611
1286,2,32,5,140.329263189449
1287,2,32,6,180.25957346432
1288,2,32,7,172.557366512356
1289,2,32,8,176.012188928654
1290,2,32,9,225.867096437758
1291,2,32,10,154.626435070358
1292,2,32,11,178.576670275184
1293,2,32,12,165.739838137148
1294,2,32,13,185.345133206937
1295,2,32,14,185.269550025641
1296,2,32,15,186.445347213671
1297,2,32,16,183.499215816065
1298,2,32,17,184.151964226899
1299,2,32,18,203.453632045928
1300,2,32,19,202.793157237308
1301,4,32,20,219.150344022951
1302,4,32,21,227.486810384436
1303,4,32,22,266.745729455293
1304,4,32,23,248.593509817155
1305,4,32,24,221.352237611866
1306,4,32,25,197.222913210545
1307,4,32,26,267.555425552659
1308,4,32,27,239.871895847954
1309,4,32,28,173.218317108
1310,4,32,29,235.114471143091
1311,4,32,30,239.454492346061
1312,4,32,31,241.43668045316
1313,4,32,32,224.630787150034
1314,4,32,33,178.009414309708
1315,4,32,34,244.816717582163
1316,4,32,35,194.31410027806
1317,4,32,36,269.523423107089
1318,4,32,37,188.578593869302
1319,4,32,38,297.706267715339
1320,4,32,39,211.769283172609
1321,2,33,0,205.083957640377
1322,2,33,1,177.438150321232
1323,2,33,2,215.417018414965
1324,2,33,3,182.941497013633
1325,2,33,4,213.716515010658
1326,2,33,5,199.719783712486
1327,2,33,6,224.831221405224
1328,2,33,7,182.062824598524
1329,2,33,8,195.786018024204
1330,2,33,9,196.642743622526
1331,2,33,10,198.347689877233
1332,2,33,11,242.581253691857
1333,2,33,12,201.096978616036
1334,2,33,13,174.770221405507
1335,2,33,14,203.020736046976
1336,2,33,15,180.872732234765
1337,2,33,16,216.221985454754
1338,2,33,17,229.943750939825
1339,2,33,18,210.387896151339
1340,2,33,19,191.190606874122
1341,4,33,20,250.407076549046
1342,4,33,21,214.687216232297
1343,4,33,22,228.713510742919
1344,4,33,23,238.667876109217
1345,4,33,24,233.093646339464
1346,4,33,25,246.170467944184
1347,4,33,26,201.870922925817
1348,4,33,27,243.107857998529
1349,4,33,28,212.565262474613
1350,4,33,29,211.792540803077
1351,4,33,30,214.193421044608
1352,4,33,31,214.218266875896
1353,4,33,32,244.304941850729
1354,4,33,33,239.447591511643
1355,4,33,34,202.293520364381
1356,4,33,35,258.296150909667
1357,4,33,36,204.585748554933
1358,4,33,37,274.079190204819
1359,4,33,38,206.263956591403
1360,4,33,39,268.943612775691
1361,2,34,0,212.757838924616
1362,2,34,1,179.469182948792
1363,2,34,2,191.855547736769
1364,2,34,3,152.720363777807
1365,2,34,4,195.882059282766
1366,2,34,5,155.05402695208
1367,2,34,6,200.230398322974
1368,2,34,7,178.762393335373
1369,2,34,8,199.150574244895
1370,2,34,9,209.581898143567
1371,2,34,10,156.206216399599
1372,2,34,11,191.874488393279
1373,2,34,12,142.109000901874
1374,2,34,13,198.297395149463
1375,2,34,14,178.526413826584
1376,2,34,15,201.444489017289
1377,2,34,16,185.634385077639
1378,2,34,17,190.66486835507
1379,2,34,18,225.417386812566
1380,2,34,19,214.829573198497
1381,4,34,20,193.594731721407
1382,4,34,21,240.910914557747
1383,4,34,22,248.321425869008
1384,4,34,23,202.971388563253
1385,4,34,24,238.219679866188
1386,4,34,25,232.934445011051
1387,4,34,26,232.111440230515
1388,4,34,27,259.511316263881
1389,4,34,28,206.768543163025
1390,4,34,29,186.659324945119
1391,4,34,30,217.478748646009
1392,4,34,31,229.635988523037
1393,4,34,32,204.759687627852
1394,4,34,33,157.614891547407
1395,4,34,34,245.240460381656
1396,4,34,35,225.390326379301
1397,4,34,36,224.502485818626
1398,4,34,37,205.967098451366
1399,4,34,38,210.805131541888
1400,4,34,39,232.877246436943
1401,2,35,0,152.741845068342
1402,2,35,1,221.290535847126
1403,2,35,2,177.526021153696
1404,2,35,3,175.992228710322
1405,2,35,4,175.317954606816
1406,2,35,5,231.897903483893
1407,2,35,6,207.590872018885
1408,2,35,7,208.307337389634
1409,2,35,8,184.980871387447
1410,2,35,9,188.907272579137
1411,2,35,10,207.997019220548
1412,2,35,11,175.117367923555
1413,2,35,12,179.062888992199
1414,2,35,13,187.928893926504
1415,2,35,14,176.893877781327
1416,2,35,15,174.367296962666
1417,2,35,16,207.982889380783
1418,2,35,17,204.94945064754
1419,2,35,18,168.099332313078
1420,2,35,19,199.159773776141
1421,4,35,20,205.915764714251
1422,4,35,21,264.654361168901
1423,4,35,22,293.566435308536
1424,4,35,23,293.507393831079
1425,4,35,24,211.930126213926
1426,4,35,25,274.596454210126
1427,4,35,26,223.343097061272
1428,4,35,27,212.521995012964
1429,4,35,28,191.188642389909
1430,4,35,29,206.619773297499
1431,4,35,30,178.222302073502
1432,4,35,31,200.843492489352
1433,4,35,32,236.667607383939
1434,4,35,33,288.725952447111
1435,4,35,34,280.82954753264
1436,4,35,35,239.282742824967
1437,4,35,36,215.143833718512
1438,4,35,37,237.564583277758
1439,4,35,38,259.846642170798
1440,4,35,39,252.679070624781
1441,2,36,0,209.819991748959
1442,2,36,1,168.185136442571
1443,2,36,2,213.338482377291
1444,2,36,3,201.275460650748
1445,2,36,4,170.252719848781
1446,2,36,5,179.765329279499
1447,2,36,6,206.434268597192
1448,2,36,7,208.812739297358
1449,2,36,8,196.449066945059
1450,2,36,9,201.374396223886
1451,2,36,10,184.320746349951
1452,2,36,11,184.467164665006
1453,2,36,12,195.402924362954
1454,2,36,13,213.626747346153
1455,2,36,14,189.768365090726
1456,2,36,15,186.412890415185
1457,2,36,16,168.176468099514
1458,2,36,17,199.99159574334
1459,2,36,18,240.659417540472
1460,2,36,19,201.685429049037
1461,4,36,20,166.982755754162
1462,4,36,21,269.845714491738
1463,4,36,22,220.760543873437
1464,4,36,23,214.23942725396
1465,4,36,24,206.765957586378
1466,4,36,25,195.044578355651
1467,4,36,26,192.514937499473
1468,4,36,27,205.578785626159
1469,4,36,28,284.115111232242
1470,4,36,29,233.834442617803
1471,4,36,30,262.674815639785
1472,4,36,31,234.747511005068
1473,4,36,32,183.43588566226
1474,4,36,33,230.779649275185
1475,4,36,34,228.57081859047
1476,4,36,35,259.016730149296
1477,4,36,36,261.214099623836
1478,4,36,37,247.035622761049
1479,4,36,38,251.439452935172
1480,4,36,39,239.746033333116
1481,2,37,0,200.150320364579
1482,2,37,1,195.363937204196
1483,2,37,2,192.215307310811
1484,2,37,3,190.588648956782
1485,2,37,4,198.838631922094
1486,2,37,5,163.149659417709
1487,2,37,6,174.199772338322
1488,2,37,7,198.150903206644
1489,2,37,8,190.404759411433
1490,2,37,9,189.421199223068
1491,2,37,10,193.430633800541
1492,2,37,11,171.169490037964
1493,2,37,12,182.872170569361
1494,2,37,13,171.544970810502
1495,2,37,14,141.615737677486
1496,2,37,15,180.151239846042
1497,2,37,16,196.697033150941
1498,2,37,17,188.116852502616
1499,2,37,18,194.776140967879
1500,2,37,19,190.861947576712
1501,4,37,20,264.591607239146
1502,4,37,21,239.28956911963
1503,4,37,22,210.795509406128
1504,4,37,23,183.037114209593
1505,4,37,24,204.072093852158
1506,4,37,25,231.948096551795
1507,4,37,26,199.252089950724
1508,4,37,27,216.369835375964
1509,4,37,28,188.428060890821
1510,4,37,29,240.207602747364
1511,4,37,30,248.430079123072
1512,4,37,31,249.689292462854
1513,4,37,32,160.686910449132
1514,4,37,33,251.331093012887
1515,4,37,34,251.828721128663
1516,4,37,35,182.750473609322
1517,4,37,36,267.41853522767
1518,4,37,37,260.681426341234
1519,4,37,38,218.330359981402
1520,4,37,39,223.492590442911
1521,2,38,0,160.984841076524
1522,2,38,1,174.817775712729
1523,2,38,2,188.085589701527
1524,2,38,3,181.493663393671
1525,2,38,4,166.569276502487
1526,2,38,5,176.011480404363
1527,2,38,6,198.844108718514
1528,2,38,7,224.57783779831
1529,2,38,8,202.359045863565
1530,2,38,9,163.135000199862
1531,2,38,10,164.728716843763
1532,2,38,11,180.877167923451
1533,2,38,12,196.216322054501
1534,2,38,13,184.439030743321
1535,2,38,14,201.640240159543
1536,2,38,15,173.221517180133
1537,2,38,16,200.882134754088
1538,2,38,17,212.303285666515
1539,2,38,18,184.716561899967
1540,2,38,19,201.254463320825
1541,4,38,20,248.337624042511
1542,4,38,21,283.560412049115
1543,4,38,22,248.094797423492
1544,4,38,23,201.691823836421
1545,4,38,24,224.259947740262
1546,4,38,25,212.590718657321
1547,4,38,26,261.132982392981
1548,4,38,27,257.616754354017
1549,4,38,28,230.98088725577
1550,4,38,29,215.427031579462
1551,4,38,30,253.103866572256
1552,4,38,31,199.515198304197
1553,4,38,32,232.421582899409
1554,4,38,33,260.742402215601
1555,4,38,34,255.887034778416
1556,4,38,35,229.10154235668
1557,4,38,36,232.601913878458
1558,4,38,37,213.481470729105
1559,4,38,38,232.413997871376
1560,4,38,39,232.094462916473
1561,2,39,0,197.863223436284
1562,2,39,1,198.685575379754
1563,2,39,2,163.887771265669
1564,2,39,3,153.11700638074
1565,2,39,4,199.38437076521
1566,2,39,5,215.615528853315
1567,2,39,6,209.439395963384
1568,2,39,7,173.933292029462
1569,2,39,8,178.393011292682
1570,2,39,9,175.389207486363
1571,2,39,10,240.285956199674
1572,2,39,11,186.137411806422
1573,2,39,12,180.995377594455
1574,2,39,13,183.627049358006
1575,2,39,14,208.149762346944
1576,2,39,15,212.794679812156
1577,2,39,16,186.497909187935
1578,2,39,17,204.036267414281
1579,2,39,18,192.494852376478
1580,2,39,19,182.014565532094
1581,4,39,20,213.699044435389
1582,4,39,21,255.687920185332
1583,4,39,22,231.443341303131
1584,4,39,23,202.956147057883
1585,4,39,24,272.021107437313
1586,4,39,25,240.138741234055
1587,4,39,26,295.876085217357
1588,4,39,27,218.53524444393
1589,4,39,28,224.501670560076
1590,4,39,29,242.300001032308
1591,4,39,30,276.848546602241
1592,4,39,31,221.887960867949
1593,4,39,32,220.135415330473
1594,4,39,33,252.917711118937
1595,4,39,34,214.786336755782
1596,4,39,35,269.119763389012
1597,4,39,36,231.681351072312
1598,4,39,37,269.666403217945
1599,4,39,38,205.012695409439
1600,4,39,39,258.937346769293
